0.19276541554990317,2,BRUMFIEL,BURNETT,ELVING,GONZALES,HAMILTON,HARRIS,HORSLEY,JOYCE,KEITH,KODJAK
0.18062511283867227,2,BRUMFIEL,BURNETT,ELVING,GONZALES,HAMILTON,HARRIS,HORSLEY,JOYCE,KEITH,LUDDEN
0.18807180716438637,2,BRUMFIEL,BURNETT,ELVING,GONZALES,HAMILTON,HARRIS,HORSLEY,JOYCE,KEITH,MARTIN
0.20129676393495424,2,BRUMFIEL,BURNETT,ELVING,GONZALES,HAMILTON,HARRIS,HORSLEY,JOYCE,KEITH,MCCAMMON
0.1992480333475998,2,BRUMFIEL,BURNETT,ELVING,GONZALES,HAMILTON,HARRIS,HORSLEY,JOYCE,KEITH,MONTANARO
0.19372161211687722,2,BRUMFIEL,BURNETT,ELVING,GONZALES,HAMILTON,HARRIS,HORSLEY,JOYCE,KEITH,NEIGHMOND
0.182493884862903,2,BRUMFIEL,BURNETT,ELVING,GONZALES,HAMILTON,HARRIS,HORSLEY,JOYCE,KEITH,NOGUCHI
0.1857061832438079,2,BRUMFIEL,BURNETT,ELVING,GONZALES,HAMILTON,HARRIS,HORSLEY,JOYCE,KEITH,REEVES
0.17765669728087002,2,BRUMFIEL,BURNETT,ELVING,GONZALES,HAMILTON,HARRIS,HORSLEY,JOYCE,KEITH,SHAHANI
0.18514763177716637,2,BRUMFIEL,BURNETT,ELVING,GONZALES,HAMILTON,HARRIS,HORSLEY,JOYCE,KEITH,SHAPIRO
0.21040087952984798,2,BRUMFIEL,BURNETT,ELVING,GONZALES,HAMILTON,HARRIS,HORSLEY,JOYCE,KEITH,STEIN
0.19250481479316953,2,BRUMFIEL,BURNETT,ELVING,GONZALES,HAMILTON,HARRIS,HORSLEY,JOYCE,KEITH,WERTHEIMER
0.17938296751631802,2,BRUMFIEL,BURNETT,ELVING,GONZALES,HAMILTON,HARRIS,HORSLEY,JOYCE,KODJAK,LUDDEN
0.18298396237121975,2,BRUMFIEL,BURNETT,ELVING,GONZALES,HAMILTON,HARRIS,HORSLEY,JOYCE,KODJAK,MARTIN
0.19143295149484843,2,BRUMFIEL,BURNETT,ELVING,GONZALES,HAMILTON,HARRIS,HORSLEY,JOYCE,KODJAK,MCCAMMON
0.20016154105027686,2,BRUMFIEL,BURNETT,ELVING,GONZALES,HAMILTON,HARRIS,HORSLEY,JOYCE,KODJAK,MONTANARO
0.1844577524734191,2,BRUMFIEL,BURNETT,ELVING,GONZALES,HAMILTON,HARRIS,HORSLEY,JOYCE,KODJAK,NEIGHMOND
0.1743328471244113,2,BRUMFIEL,BURNETT,ELVING,GONZALES,HAMILTON,HARRIS,HORSLEY,JOYCE,KODJAK,NOGUCHI
0.18385140277404882,3,BRUMFIEL,BURNETT,ELVING,GONZALES,HAMILTON,HARRIS,HORSLEY,JOYCE,KODJAK,REEVES
0.18921895138250053,9,BRUMFIEL,BURNETT,ELVING,GONZALES,HAMILTON,HARRIS,HORSLEY,JOYCE,KODJAK,SHAHANI
0.1876710482603942,2,BRUMFIEL,BURNETT,ELVING,GONZALES,HAMILTON,HARRIS,HORSLEY,JOYCE,KODJAK,SHAPIRO
0.18634783678688197,2,BRUMFIEL,BURNETT,ELVING,GONZALES,HAMILTON,HARRIS,HORSLEY,JOYCE,KODJAK,STEIN
0.1812760008414213,2,BRUMFIEL,BURNETT,ELVING,GONZALES,HAMILTON,HARRIS,HORSLEY,JOYCE,KODJAK,WERTHEIMER
0.18310106344585414,2,BRUMFIEL,BURNETT,ELVING,GONZALES,HAMILTON,HARRIS,HORSLEY,JOYCE,LUDDEN,MARTIN
0.18946913308193397,2,BRUMFIEL,BURNETT,ELVING,GONZALES,HAMILTON,HARRIS,HORSLEY,JOYCE,LUDDEN,MCCAMMON
0.18547836604772674,2,BRUMFIEL,BURNETT,ELVING,GONZALES,HAMILTON,HARRIS,HORSLEY,JOYCE,LUDDEN,MONTANARO
0.17830670891110995,2,BRUMFIEL,BURNETT,ELVING,GONZALES,HAMILTON,HARRIS,HORSLEY,JOYCE,LUDDEN,NEIGHMOND
0.17581626647584586,2,BRUMFIEL,BURNETT,ELVING,GONZALES,HAMILTON,HARRIS,HORSLEY,JOYCE,LUDDEN,NOGUCHI
0.1792395852912272,2,BRUMFIEL,BURNETT,ELVING,GONZALES,HAMILTON,HARRIS,HORSLEY,JOYCE,LUDDEN,REEVES
0.17327539025949085,10,BRUMFIEL,BURNETT,ELVING,GONZALES,HAMILTON,HARRIS,HORSLEY,JOYCE,LUDDEN,SHAHANI
0.1857787409663442,2,BRUMFIEL,BURNETT,ELVING,GONZALES,HAMILTON,HARRIS,HORSLEY,JOYCE,LUDDEN,SHAPIRO
0.1961669168648445,2,BRUMFIEL,BURNETT,ELVING,GONZALES,HAMILTON,HARRIS,HORSLEY,JOYCE,LUDDEN,STEIN
0.17646157256461972,2,BRUMFIEL,BURNETT,ELVING,GONZALES,HAMILTON,HARRIS,HORSLEY,JOYCE,LUDDEN,WERTHEIMER
0.1937859208844339,2,BRUMFIEL,BURNETT,ELVING,GONZALES,HAMILTON,HARRIS,HORSLEY,JOYCE,MARTIN,MCCAMMON
0.19424779819102728,2,BRUMFIEL,BURNETT,ELVING,GONZALES,HAMILTON,HARRIS,HORSLEY,JOYCE,MARTIN,MONTANARO
0.1874227393081934,2,BRUMFIEL,BURNETT,ELVING,GONZALES,HAMILTON,HARRIS,HORSLEY,JOYCE,MARTIN,NEIGHMOND
0.17353266474274973,2,BRUMFIEL,BURNETT,ELVING,GONZALES,HAMILTON,HARRIS,HORSLEY,JOYCE,MARTIN,NOGUCHI
0.18065445642061073,2,BRUMFIEL,BURNETT,ELVING,GONZALES,HAMILTON,HARRIS,HORSLEY,JOYCE,MARTIN,REEVES
0.16684871886477995,2,BRUMFIEL,BURNETT,ELVING,GONZALES,HAMILTON,HARRIS,HORSLEY,JOYCE,MARTIN,SHAHANI
0.18338548593012693,2,BRUMFIEL,BURNETT,ELVING,GONZALES,HAMILTON,HARRIS,HORSLEY,JOYCE,MARTIN,SHAPIRO
0.1950022141851284,2,BRUMFIEL,BURNETT,ELVING,GONZALES,HAMILTON,HARRIS,HORSLEY,JOYCE,MARTIN,STEIN
0.17533544619260916,2,BRUMFIEL,BURNETT,ELVING,GONZALES,HAMILTON,HARRIS,HORSLEY,JOYCE,MARTIN,WERTHEIMER
0.20916721968227797,2,BRUMFIEL,BURNETT,ELVING,GONZALES,HAMILTON,HARRIS,HORSLEY,JOYCE,MCCAMMON,MONTANARO
0.19003354073527043,2,BRUMFIEL,BURNETT,ELVING,GONZALES,HAMILTON,HARRIS,HORSLEY,JOYCE,MCCAMMON,NEIGHMOND
0.17988441765632557,2,BRUMFIEL,BURNETT,ELVING,GONZALES,HAMILTON,HARRIS,HORSLEY,JOYCE,MCCAMMON,NOGUCHI
0.19190683247311308,2,BRUMFIEL,BURNETT,ELVING,GONZALES,HAMILTON,HARRIS,HORSLEY,JOYCE,MCCAMMON,REEVES
0.17648491373188196,8,BRUMFIEL,BURNETT,ELVING,GONZALES,HAMILTON,HARRIS,HORSLEY,JOYCE,MCCAMMON,SHAHANI
0.20371264886721016,2,BRUMFIEL,BURNETT,ELVING,GONZALES,HAMILTON,HARRIS,HORSLEY,JOYCE,MCCAMMON,SHAPIRO
0.20165084202092146,2,BRUMFIEL,BURNETT,ELVING,GONZALES,HAMILTON,HARRIS,HORSLEY,JOYCE,MCCAMMON,STEIN
0.17795860276466863,2,BRUMFIEL,BURNETT,ELVING,GONZALES,HAMILTON,HARRIS,HORSLEY,JOYCE,MCCAMMON,WERTHEIMER
0.21035395627015424,2,BRUMFIEL,BURNETT,ELVING,GONZALES,HAMILTON,HARRIS,HORSLEY,JOYCE,MONTANARO,NEIGHMOND
0.19027288237967943,2,BRUMFIEL,BURNETT,ELVING,GONZALES,HAMILTON,HARRIS,HORSLEY,JOYCE,MONTANARO,NOGUCHI
0.19825583737593164,3,BRUMFIEL,BURNETT,ELVING,GONZALES,HAMILTON,HARRIS,HORSLEY,JOYCE,MONTANARO,REEVES
0.18946863549586776,6,BRUMFIEL,BURNETT,ELVING,GONZALES,HAMILTON,HARRIS,HORSLEY,JOYCE,MONTANARO,SHAHANI
0.19574610096066944,2,BRUMFIEL,BURNETT,ELVING,GONZALES,HAMILTON,HARRIS,HORSLEY,JOYCE,MONTANARO,SHAPIRO
0.1972856227989916,2,BRUMFIEL,BURNETT,ELVING,GONZALES,HAMILTON,HARRIS,HORSLEY,JOYCE,MONTANARO,STEIN
0.1892957508925959,2,BRUMFIEL,BURNETT,ELVING,GONZALES,HAMILTON,HARRIS,HORSLEY,JOYCE,MONTANARO,WERTHEIMER
0.1766067760678291,2,BRUMFIEL,BURNETT,ELVING,GONZALES,HAMILTON,HARRIS,HORSLEY,JOYCE,NEIGHMOND,NOGUCHI
0.18345822103378967,2,BRUMFIEL,BURNETT,ELVING,GONZALES,HAMILTON,HARRIS,HORSLEY,JOYCE,NEIGHMOND,REEVES
0.18162956685291282,5,BRUMFIEL,BURNETT,ELVING,GONZALES,HAMILTON,HARRIS,HORSLEY,JOYCE,NEIGHMOND,SHAHANI
0.19731198360043758,2,BRUMFIEL,BURNETT,ELVING,GONZALES,HAMILTON,HARRIS,HORSLEY,JOYCE,NEIGHMOND,SHAPIRO
0.2012403412770484,2,BRUMFIEL,BURNETT,ELVING,GONZALES,HAMILTON,HARRIS,HORSLEY,JOYCE,NEIGHMOND,STEIN
0.18138162006430023,2,BRUMFIEL,BURNETT,ELVING,GONZALES,HAMILTON,HARRIS,HORSLEY,JOYCE,NEIGHMOND,WERTHEIMER
0.17893168678303475,2,BRUMFIEL,BURNETT,ELVING,GONZALES,HAMILTON,HARRIS,HORSLEY,JOYCE,NOGUCHI,REEVES
0.1681519507848108,3,BRUMFIEL,BURNETT,ELVING,GONZALES,HAMILTON,HARRIS,HORSLEY,JOYCE,NOGUCHI,SHAHANI
0.186662242059547,2,BRUMFIEL,BURNETT,ELVING,GONZALES,HAMILTON,HARRIS,HORSLEY,JOYCE,NOGUCHI,SHAPIRO
0.1867324315822388,2,BRUMFIEL,BURNETT,ELVING,GONZALES,HAMILTON,HARRIS,HORSLEY,JOYCE,NOGUCHI,STEIN
0.17184976463931884,2,BRUMFIEL,BURNETT,ELVING,GONZALES,HAMILTON,HARRIS,HORSLEY,JOYCE,NOGUCHI,WERTHEIMER
0.1820681186760794,5,BRUMFIEL,BURNETT,ELVING,GONZALES,HAMILTON,HARRIS,HORSLEY,JOYCE,REEVES,SHAHANI
0.18040189198742615,2,BRUMFIEL,BURNETT,ELVING,GONZALES,HAMILTON,HARRIS,HORSLEY,JOYCE,REEVES,SHAPIRO
0.18857507463756765,2,BRUMFIEL,BURNETT,ELVING,GONZALES,HAMILTON,HARRIS,HORSLEY,JOYCE,REEVES,STEIN
0.17696240574116615,2,BRUMFIEL,BURNETT,ELVING,GONZALES,HAMILTON,HARRIS,HORSLEY,JOYCE,REEVES,WERTHEIMER
0.17296610334930462,3,BRUMFIEL,BURNETT,ELVING,GONZALES,HAMILTON,HARRIS,HORSLEY,JOYCE,SHAHANI,SHAPIRO
0.19200905697028575,5,BRUMFIEL,BURNETT,ELVING,GONZALES,HAMILTON,HARRIS,HORSLEY,JOYCE,SHAHANI,STEIN
0.1694839365630901,2,BRUMFIEL,BURNETT,ELVING,GONZALES,HAMILTON,HARRIS,HORSLEY,JOYCE,SHAHANI,WERTHEIMER
0.20317624417100108,2,BRUMFIEL,BURNETT,ELVING,GONZALES,HAMILTON,HARRIS,HORSLEY,JOYCE,SHAPIRO,STEIN
0.1849976349684747,2,BRUMFIEL,BURNETT,ELVING,GONZALES,HAMILTON,HARRIS,HORSLEY,JOYCE,SHAPIRO,WERTHEIMER
0.19091535155558165,2,BRUMFIEL,BURNETT,ELVING,GONZALES,HAMILTON,HARRIS,HORSLEY,JOYCE,STEIN,WERTHEIMER
0.1702183955712393,3,BRUMFIEL,BURNETT,ELVING,GONZALES,HAMILTON,HARRIS,HORSLEY,KEITH,KODJAK,LUDDEN
0.16514262775487204,2,BRUMFIEL,BURNETT,ELVING,GONZALES,HAMILTON,HARRIS,HORSLEY,KEITH,KODJAK,MARTIN
0.1788054130864613,2,BRUMFIEL,BURNETT,ELVING,GONZALES,HAMILTON,HARRIS,HORSLEY,KEITH,KODJAK,MCCAMMON
0.18310629677518805,3,BRUMFIEL,BURNETT,ELVING,GONZALES,HAMILTON,HARRIS,HORSLEY,KEITH,KODJAK,MONTANARO
0.17622652910557446,2,BRUMFIEL,BURNETT,ELVING,GONZALES,HAMILTON,HARRIS,HORSLEY,KEITH,KODJAK,NEIGHMOND
0.1673283965450729,2,BRUMFIEL,BURNETT,ELVING,GONZALES,HAMILTON,HARRIS,HORSLEY,KEITH,KODJAK,NOGUCHI
0.17509015506301548,3,BRUMFIEL,BURNETT,ELVING,GONZALES,HAMILTON,HARRIS,HORSLEY,KEITH,KODJAK,REEVES
0.16846162354282002,4,BRUMFIEL,BURNETT,ELVING,GONZALES,HAMILTON,HARRIS,HORSLEY,KEITH,KODJAK,SHAHANI
0.1714002908192089,2,BRUMFIEL,BURNETT,ELVING,GONZALES,HAMILTON,HARRIS,HORSLEY,KEITH,KODJAK,SHAPIRO
0.19604095713433367,2,BRUMFIEL,BURNETT,ELVING,GONZALES,HAMILTON,HARRIS,HORSLEY,KEITH,KODJAK,STEIN
0.16244545423922072,2,BRUMFIEL,BURNETT,ELVING,GONZALES,HAMILTON,HARRIS,HORSLEY,KEITH,KODJAK,WERTHEIMER
0.16664085895171682,3,BRUMFIEL,BURNETT,ELVING,GONZALES,HAMILTON,HARRIS,HORSLEY,KEITH,LUDDEN,MARTIN
0.16872912328099277,2,BRUMFIEL,BURNETT,ELVING,GONZALES,HAMILTON,HARRIS,HORSLEY,KEITH,LUDDEN,MCCAMMON
0.1790805427404967,3,BRUMFIEL,BURNETT,ELVING,GONZALES,HAMILTON,HARRIS,HORSLEY,KEITH,LUDDEN,MONTANARO
0.17876191191759278,3,BRUMFIEL,BURNETT,ELVING,GONZALES,HAMILTON,HARRIS,HORSLEY,KEITH,LUDDEN,NEIGHMOND
0.1659027655763076,3,BRUMFIEL,BURNETT,ELVING,GONZALES,HAMILTON,HARRIS,HORSLEY,KEITH,LUDDEN,NOGUCHI
0.16248579333200816,3,BRUMFIEL,BURNETT,ELVING,GONZALES,HAMILTON,HARRIS,HORSLEY,KEITH,LUDDEN,REEVES
0.1598263317331564,4,BRUMFIEL,BURNETT,ELVING,GONZALES,HAMILTON,HARRIS,HORSLEY,KEITH,LUDDEN,SHAHANI
0.16863698358764648,3,BRUMFIEL,BURNETT,ELVING,GONZALES,HAMILTON,HARRIS,HORSLEY,KEITH,LUDDEN,SHAPIRO
0.1900080336396472,2,BRUMFIEL,BURNETT,ELVING,GONZALES,HAMILTON,HARRIS,HORSLEY,KEITH,LUDDEN,STEIN
0.16077797263987698,2,BRUMFIEL,BURNETT,ELVING,GONZALES,HAMILTON,HARRIS,HORSLEY,KEITH,LUDDEN,WERTHEIMER
0.17725990863494312,2,BRUMFIEL,BURNETT,ELVING,GONZALES,HAMILTON,HARRIS,HORSLEY,KEITH,MARTIN,MCCAMMON
0.1841066061385131,2,BRUMFIEL,BURNETT,ELVING,GONZALES,HAMILTON,HARRIS,HORSLEY,KEITH,MARTIN,MONTANARO
0.1819882751449377,2,BRUMFIEL,BURNETT,ELVING,GONZALES,HAMILTON,HARRIS,HORSLEY,KEITH,MARTIN,NEIGHMOND
0.16667423992101577,2,BRUMFIEL,BURNETT,ELVING,GONZALES,HAMILTON,HARRIS,HORSLEY,KEITH,MARTIN,NOGUCHI
0.17119610755343573,3,BRUMFIEL,BURNETT,ELVING,GONZALES,HAMILTON,HARRIS,HORSLEY,KEITH,MARTIN,REEVES
0.1650567198663843,7,BRUMFIEL,BURNETT,ELVING,GONZALES,HAMILTON,HARRIS,HORSLEY,KEITH,MARTIN,SHAHANI
0.17684334286723455,2,BRUMFIEL,BURNETT,ELVING,GONZALES,HAMILTON,HARRIS,HORSLEY,KEITH,MARTIN,SHAPIRO
0.1989860217519898,2,BRUMFIEL,BURNETT,ELVING,GONZALES,HAMILTON,HARRIS,HORSLEY,KEITH,MARTIN,STEIN
0.1712409637879797,2,BRUMFIEL,BURNETT,ELVING,GONZALES,HAMILTON,HARRIS,HORSLEY,KEITH,MARTIN,WERTHEIMER
0.1883405241745504,2,BRUMFIEL,BURNETT,ELVING,GONZALES,HAMILTON,HARRIS,HORSLEY,KEITH,MCCAMMON,MONTANARO
0.18746651366928,2,BRUMFIEL,BURNETT,ELVING,GONZALES,HAMILTON,HARRIS,HORSLEY,KEITH,MCCAMMON,NEIGHMOND
0.17340388999373965,2,BRUMFIEL,BURNETT,ELVING,GONZALES,HAMILTON,HARRIS,HORSLEY,KEITH,MCCAMMON,NOGUCHI
0.18037669560477002,3,BRUMFIEL,BURNETT,ELVING,GONZALES,HAMILTON,HARRIS,HORSLEY,KEITH,MCCAMMON,REEVES
0.17108070623649665,4,BRUMFIEL,BURNETT,ELVING,GONZALES,HAMILTON,HARRIS,HORSLEY,KEITH,MCCAMMON,SHAHANI
0.17700195757521733,2,BRUMFIEL,BURNETT,ELVING,GONZALES,HAMILTON,HARRIS,HORSLEY,KEITH,MCCAMMON,SHAPIRO
0.20161290864058104,2,BRUMFIEL,BURNETT,ELVING,GONZALES,HAMILTON,HARRIS,HORSLEY,KEITH,MCCAMMON,STEIN
0.17586907607439742,2,BRUMFIEL,BURNETT,ELVING,GONZALES,HAMILTON,HARRIS,HORSLEY,KEITH,MCCAMMON,WERTHEIMER
0.199109561682907,2,BRUMFIEL,BURNETT,ELVING,GONZALES,HAMILTON,HARRIS,HORSLEY,KEITH,MONTANARO,NEIGHMOND
0.1770126578881459,4,BRUMFIEL,BURNETT,ELVING,GONZALES,HAMILTON,HARRIS,HORSLEY,KEITH,MONTANARO,NOGUCHI
0.18483424674457938,3,BRUMFIEL,BURNETT,ELVING,GONZALES,HAMILTON,HARRIS,HORSLEY,KEITH,MONTANARO,REEVES
0.18426844492086478,4,BRUMFIEL,BURNETT,ELVING,GONZALES,HAMILTON,HARRIS,HORSLEY,KEITH,MONTANARO,SHAHANI
0.18726773879666236,2,BRUMFIEL,BURNETT,ELVING,GONZALES,HAMILTON,HARRIS,HORSLEY,KEITH,MONTANARO,SHAPIRO
0.2020781453024877,3,BRUMFIEL,BURNETT,ELVING,GONZALES,HAMILTON,HARRIS,HORSLEY,KEITH,MONTANARO,STEIN
0.17225790647600087,2,BRUMFIEL,BURNETT,ELVING,GONZALES,HAMILTON,HARRIS,HORSLEY,KEITH,MONTANARO,WERTHEIMER
0.18562209524345247,2,BRUMFIEL,BURNETT,ELVING,GONZALES,HAMILTON,HARRIS,HORSLEY,KEITH,NEIGHMOND,NOGUCHI
0.18643955782193333,3,BRUMFIEL,BURNETT,ELVING,GONZALES,HAMILTON,HARRIS,HORSLEY,KEITH,NEIGHMOND,REEVES
0.18101191895818086,5,BRUMFIEL,BURNETT,ELVING,GONZALES,HAMILTON,HARRIS,HORSLEY,KEITH,NEIGHMOND,SHAHANI
0.19057720816122123,2,BRUMFIEL,BURNETT,ELVING,GONZALES,HAMILTON,HARRIS,HORSLEY,KEITH,NEIGHMOND,SHAPIRO
0.19811345773150846,2,BRUMFIEL,BURNETT,ELVING,GONZALES,HAMILTON,HARRIS,HORSLEY,KEITH,NEIGHMOND,STEIN
0.17768464450842886,2,BRUMFIEL,BURNETT,ELVING,GONZALES,HAMILTON,HARRIS,HORSLEY,KEITH,NEIGHMOND,WERTHEIMER
0.16560309285993785,3,BRUMFIEL,BURNETT,ELVING,GONZALES,HAMILTON,HARRIS,HORSLEY,KEITH,NOGUCHI,REEVES
0.17356881536765317,4,BRUMFIEL,BURNETT,ELVING,GONZALES,HAMILTON,HARRIS,HORSLEY,KEITH,NOGUCHI,SHAHANI
0.1683791077143457,3,BRUMFIEL,BURNETT,ELVING,GONZALES,HAMILTON,HARRIS,HORSLEY,KEITH,NOGUCHI,SHAPIRO
0.18867368187207537,2,BRUMFIEL,BURNETT,ELVING,GONZALES,HAMILTON,HARRIS,HORSLEY,KEITH,NOGUCHI,STEIN
0.1602150737491428,2,BRUMFIEL,BURNETT,ELVING,GONZALES,HAMILTON,HARRIS,HORSLEY,KEITH,NOGUCHI,WERTHEIMER
0.17676976757488438,6,BRUMFIEL,BURNETT,ELVING,GONZALES,HAMILTON,HARRIS,HORSLEY,KEITH,REEVES,SHAHANI
0.17411531623780085,3,BRUMFIEL,BURNETT,ELVING,GONZALES,HAMILTON,HARRIS,HORSLEY,KEITH,REEVES,SHAPIRO
0.1925164925169979,3,BRUMFIEL,BURNETT,ELVING,GONZALES,HAMILTON,HARRIS,HORSLEY,KEITH,REEVES,STEIN
0.16289407174715506,4,BRUMFIEL,BURNETT,ELVING,GONZALES,HAMILTON,HARRIS,HORSLEY,KEITH,REEVES,WERTHEIMER
0.17262919222220163,7,BRUMFIEL,BURNETT,ELVING,GONZALES,HAMILTON,HARRIS,HORSLEY,KEITH,SHAHANI,SHAPIRO
0.18306143761402557,2,BRUMFIEL,BURNETT,ELVING,GONZALES,HAMILTON,HARRIS,HORSLEY,KEITH,SHAHANI,STEIN
0.15767397785386764,3,BRUMFIEL,BURNETT,ELVING,GONZALES,HAMILTON,HARRIS,HORSLEY,KEITH,SHAHANI,WERTHEIMER
0.19083974154129849,2,BRUMFIEL,BURNETT,ELVING,GONZALES,HAMILTON,HARRIS,HORSLEY,KEITH,SHAPIRO,STEIN
0.17707948609618304,2,BRUMFIEL,BURNETT,ELVING,GONZALES,HAMILTON,HARRIS,HORSLEY,KEITH,SHAPIRO,WERTHEIMER
0.19092717910489032,2,BRUMFIEL,BURNETT,ELVING,GONZALES,HAMILTON,HARRIS,HORSLEY,KEITH,STEIN,WERTHEIMER
0.1602379898855489,9,BRUMFIEL,BURNETT,ELVING,GONZALES,HAMILTON,HARRIS,HORSLEY,KODJAK,LUDDEN,MARTIN
0.17144259509376228,2,BRUMFIEL,BURNETT,ELVING,GONZALES,HAMILTON,HARRIS,HORSLEY,KODJAK,LUDDEN,MCCAMMON
0.17455252875173374,2,BRUMFIEL,BURNETT,ELVING,GONZALES,HAMILTON,HARRIS,HORSLEY,KODJAK,LUDDEN,MONTANARO
0.16863667402049187,6,BRUMFIEL,BURNETT,ELVING,GONZALES,HAMILTON,HARRIS,HORSLEY,KODJAK,LUDDEN,NEIGHMOND
0.16251048845884983,5,BRUMFIEL,BURNETT,ELVING,GONZALES,HAMILTON,HARRIS,HORSLEY,KODJAK,LUDDEN,NOGUCHI
0.17005292333044278,4,BRUMFIEL,BURNETT,ELVING,GONZALES,HAMILTON,HARRIS,HORSLEY,KODJAK,LUDDEN,REEVES
0.1640156955698102,8,BRUMFIEL,BURNETT,ELVING,GONZALES,HAMILTON,HARRIS,HORSLEY,KODJAK,LUDDEN,SHAHANI
0.16077068261147354,4,BRUMFIEL,BURNETT,ELVING,GONZALES,HAMILTON,HARRIS,HORSLEY,KODJAK,LUDDEN,SHAPIRO
0.17132491487648333,2,BRUMFIEL,BURNETT,ELVING,GONZALES,HAMILTON,HARRIS,HORSLEY,KODJAK,LUDDEN,STEIN
0.16226864740061983,2,BRUMFIEL,BURNETT,ELVING,GONZALES,HAMILTON,HARRIS,HORSLEY,KODJAK,LUDDEN,WERTHEIMER
0.16995646895586544,2,BRUMFIEL,BURNETT,ELVING,GONZALES,HAMILTON,HARRIS,HORSLEY,KODJAK,MARTIN,MCCAMMON
0.17440075201301194,2,BRUMFIEL,BURNETT,ELVING,GONZALES,HAMILTON,HARRIS,HORSLEY,KODJAK,MARTIN,MONTANARO
0.1694809731192408,2,BRUMFIEL,BURNETT,ELVING,GONZALES,HAMILTON,HARRIS,HORSLEY,KODJAK,MARTIN,NEIGHMOND
0.1582378719870298,2,BRUMFIEL,BURNETT,ELVING,GONZALES,HAMILTON,HARRIS,HORSLEY,KODJAK,MARTIN,NOGUCHI
0.16844017605722975,3,BRUMFIEL,BURNETT,ELVING,GONZALES,HAMILTON,HARRIS,HORSLEY,KODJAK,MARTIN,REEVES
0.1669194044891342,11,BRUMFIEL,BURNETT,ELVING,GONZALES,HAMILTON,HARRIS,HORSLEY,KODJAK,MARTIN,SHAHANI
0.17050241553082793,2,BRUMFIEL,BURNETT,ELVING,GONZALES,HAMILTON,HARRIS,HORSLEY,KODJAK,MARTIN,SHAPIRO
0.1825670940200785,2,BRUMFIEL,BURNETT,ELVING,GONZALES,HAMILTON,HARRIS,HORSLEY,KODJAK,MARTIN,STEIN
0.16614194327402304,2,BRUMFIEL,BURNETT,ELVING,GONZALES,HAMILTON,HARRIS,HORSLEY,KODJAK,MARTIN,WERTHEIMER
0.18802785516467338,2,BRUMFIEL,BURNETT,ELVING,GONZALES,HAMILTON,HARRIS,HORSLEY,KODJAK,MCCAMMON,MONTANARO
0.1811669918174031,2,BRUMFIEL,BURNETT,ELVING,GONZALES,HAMILTON,HARRIS,HORSLEY,KODJAK,MCCAMMON,NEIGHMOND
0.17371097233032487,11,BRUMFIEL,BURNETT,ELVING,GONZALES,HAMILTON,HARRIS,HORSLEY,KODJAK,MCCAMMON,NOGUCHI
0.17198803122674317,13,BRUMFIEL,BURNETT,ELVING,GONZALES,HAMILTON,HARRIS,HORSLEY,KODJAK,MCCAMMON,REEVES
0.17799124823749715,9,BRUMFIEL,BURNETT,ELVING,GONZALES,HAMILTON,HARRIS,HORSLEY,KODJAK,MCCAMMON,SHAHANI
0.17572052576546204,2,BRUMFIEL,BURNETT,ELVING,GONZALES,HAMILTON,HARRIS,HORSLEY,KODJAK,MCCAMMON,SHAPIRO
0.18672808995622203,2,BRUMFIEL,BURNETT,ELVING,GONZALES,HAMILTON,HARRIS,HORSLEY,KODJAK,MCCAMMON,STEIN
0.16517481380401058,2,BRUMFIEL,BURNETT,ELVING,GONZALES,HAMILTON,HARRIS,HORSLEY,KODJAK,MCCAMMON,WERTHEIMER
0.19316795043411758,2,BRUMFIEL,BURNETT,ELVING,GONZALES,HAMILTON,HARRIS,HORSLEY,KODJAK,MONTANARO,NEIGHMOND
0.1735268346971039,6,BRUMFIEL,BURNETT,ELVING,GONZALES,HAMILTON,HARRIS,HORSLEY,KODJAK,MONTANARO,NOGUCHI
0.1912909379013749,3,BRUMFIEL,BURNETT,ELVING,GONZALES,HAMILTON,HARRIS,HORSLEY,KODJAK,MONTANARO,REEVES
0.18469699260426795,7,BRUMFIEL,BURNETT,ELVING,GONZALES,HAMILTON,HARRIS,HORSLEY,KODJAK,MONTANARO,SHAHANI
0.1762998883764078,5,BRUMFIEL,BURNETT,ELVING,GONZALES,HAMILTON,HARRIS,HORSLEY,KODJAK,MONTANARO,SHAPIRO
0.19139556832462748,3,BRUMFIEL,BURNETT,ELVING,GONZALES,HAMILTON,HARRIS,HORSLEY,KODJAK,MONTANARO,STEIN
0.1827103723736323,2,BRUMFIEL,BURNETT,ELVING,GONZALES,HAMILTON,HARRIS,HORSLEY,KODJAK,MONTANARO,WERTHEIMER
0.18260170828073832,6,BRUMFIEL,BURNETT,ELVING,GONZALES,HAMILTON,HARRIS,HORSLEY,KODJAK,NEIGHMOND,NOGUCHI
0.1733447622770527,2,BRUMFIEL,BURNETT,ELVING,GONZALES,HAMILTON,HARRIS,HORSLEY,KODJAK,NEIGHMOND,REEVES
0.18461139805071766,6,BRUMFIEL,BURNETT,ELVING,GONZALES,HAMILTON,HARRIS,HORSLEY,KODJAK,NEIGHMOND,SHAHANI
0.17955893642985166,2,BRUMFIEL,BURNETT,ELVING,GONZALES,HAMILTON,HARRIS,HORSLEY,KODJAK,NEIGHMOND,SHAPIRO
0.19815853063989508,2,BRUMFIEL,BURNETT,ELVING,GONZALES,HAMILTON,HARRIS,HORSLEY,KODJAK,NEIGHMOND,STEIN
0.17178273045470424,2,BRUMFIEL,BURNETT,ELVING,GONZALES,HAMILTON,HARRIS,HORSLEY,KODJAK,NEIGHMOND,WERTHEIMER
0.16444469968995806,3,BRUMFIEL,BURNETT,ELVING,GONZALES,HAMILTON,HARRIS,HORSLEY,KODJAK,NOGUCHI,REEVES
0.17883291336667026,8,BRUMFIEL,BURNETT,ELVING,GONZALES,HAMILTON,HARRIS,HORSLEY,KODJAK,NOGUCHI,SHAHANI
0.16674384417519222,8,BRUMFIEL,BURNETT,ELVING,GONZALES,HAMILTON,HARRIS,HORSLEY,KODJAK,NOGUCHI,SHAPIRO
0.18236831625377659,2,BRUMFIEL,BURNETT,ELVING,GONZALES,HAMILTON,HARRIS,HORSLEY,KODJAK,NOGUCHI,STEIN
0.15499256786100105,8,BRUMFIEL,BURNETT,ELVING,GONZALES,HAMILTON,HARRIS,HORSLEY,KODJAK,NOGUCHI,WERTHEIMER
0.18014322323665094,8,BRUMFIEL,BURNETT,ELVING,GONZALES,HAMILTON,HARRIS,HORSLEY,KODJAK,REEVES,SHAHANI
0.16317405680948424,3,BRUMFIEL,BURNETT,ELVING,GONZALES,HAMILTON,HARRIS,HORSLEY,KODJAK,REEVES,SHAPIRO
0.1873764130280533,3,BRUMFIEL,BURNETT,ELVING,GONZALES,HAMILTON,HARRIS,HORSLEY,KODJAK,REEVES,STEIN
0.17034828165821816,9,BRUMFIEL,BURNETT,ELVING,GONZALES,HAMILTON,HARRIS,HORSLEY,KODJAK,REEVES,WERTHEIMER
0.1773846515044111,8,BRUMFIEL,BURNETT,ELVING,GONZALES,HAMILTON,HARRIS,HORSLEY,KODJAK,SHAHANI,SHAPIRO
0.18127653053692103,5,BRUMFIEL,BURNETT,ELVING,GONZALES,HAMILTON,HARRIS,HORSLEY,KODJAK,SHAHANI,STEIN
0.16201275174738955,7,BRUMFIEL,BURNETT,ELVING,GONZALES,HAMILTON,HARRIS,HORSLEY,KODJAK,SHAHANI,WERTHEIMER
0.18056510527210476,2,BRUMFIEL,BURNETT,ELVING,GONZALES,HAMILTON,HARRIS,HORSLEY,KODJAK,SHAPIRO,STEIN
0.1597266080899972,2,BRUMFIEL,BURNETT,ELVING,GONZALES,HAMILTON,HARRIS,HORSLEY,KODJAK,SHAPIRO,WERTHEIMER
0.1789289193809808,2,BRUMFIEL,BURNETT,ELVING,GONZALES,HAMILTON,HARRIS,HORSLEY,KODJAK,STEIN,WERTHEIMER
0.16596343341835698,2,BRUMFIEL,BURNETT,ELVING,GONZALES,HAMILTON,HARRIS,HORSLEY,LUDDEN,MARTIN,MCCAMMON
0.17337592445680058,3,BRUMFIEL,BURNETT,ELVING,GONZALES,HAMILTON,HARRIS,HORSLEY,LUDDEN,MARTIN,MONTANARO
0.16136270982359632,2,BRUMFIEL,BURNETT,ELVING,GONZALES,HAMILTON,HARRIS,HORSLEY,LUDDEN,MARTIN,NEIGHMOND
0.15809173852822622,4,BRUMFIEL,BURNETT,ELVING,GONZALES,HAMILTON,HARRIS,HORSLEY,LUDDEN,MARTIN,NOGUCHI
0.16048226695503479,2,BRUMFIEL,BURNETT,ELVING,GONZALES,HAMILTON,HARRIS,HORSLEY,LUDDEN,MARTIN,REEVES
0.16464740945170717,2,BRUMFIEL,BURNETT,ELVING,GONZALES,HAMILTON,HARRIS,HORSLEY,LUDDEN,MARTIN,SHAHANI
0.16618207952454808,2,BRUMFIEL,BURNETT,ELVING,GONZALES,HAMILTON,HARRIS,HORSLEY,LUDDEN,MARTIN,SHAPIRO
0.18603190865824323,2,BRUMFIEL,BURNETT,ELVING,GONZALES,HAMILTON,HARRIS,HORSLEY,LUDDEN,MARTIN,STEIN
0.15683034029317694,2,BRUMFIEL,BURNETT,ELVING,GONZALES,HAMILTON,HARRIS,HORSLEY,LUDDEN,MARTIN,WERTHEIMER
0.17596394451242398,2,BRUMFIEL,BURNETT,ELVING,GONZALES,HAMILTON,HARRIS,HORSLEY,LUDDEN,MCCAMMON,MONTANARO
0.1760945794092447,2,BRUMFIEL,BURNETT,ELVING,GONZALES,HAMILTON,HARRIS,HORSLEY,LUDDEN,MCCAMMON,NEIGHMOND
0.16703918610481913,2,BRUMFIEL,BURNETT,ELVING,GONZALES,HAMILTON,HARRIS,HORSLEY,LUDDEN,MCCAMMON,NOGUCHI
0.16608478061783039,3,BRUMFIEL,BURNETT,ELVING,GONZALES,HAMILTON,HARRIS,HORSLEY,LUDDEN,MCCAMMON,REEVES
0.16182414781580368,2,BRUMFIEL,BURNETT,ELVING,GONZALES,HAMILTON,HARRIS,HORSLEY,LUDDEN,MCCAMMON,SHAHANI
0.1704925627412859,2,BRUMFIEL,BURNETT,ELVING,GONZALES,HAMILTON,HARRIS,HORSLEY,LUDDEN,MCCAMMON,SHAPIRO
0.1886193786106224,2,BRUMFIEL,BURNETT,ELVING,GONZALES,HAMILTON,HARRIS,HORSLEY,LUDDEN,MCCAMMON,STEIN
0.16731923633163345,2,BRUMFIEL,BURNETT,ELVING,GONZALES,HAMILTON,HARRIS,HORSLEY,LUDDEN,MCCAMMON,WERTHEIMER
0.1848929086346003,2,BRUMFIEL,BURNETT,ELVING,GONZALES,HAMILTON,HARRIS,HORSLEY,LUDDEN,MONTANARO,NEIGHMOND
0.18155895346325343,4,BRUMFIEL,BURNETT,ELVING,GONZALES,HAMILTON,HARRIS,HORSLEY,LUDDEN,MONTANARO,NOGUCHI
0.18022902573633576,4,BRUMFIEL,BURNETT,ELVING,GONZALES,HAMILTON,HARRIS,HORSLEY,LUDDEN,MONTANARO,REEVES
0.18000224538251947,4,BRUMFIEL,BURNETT,ELVING,GONZALES,HAMILTON,HARRIS,HORSLEY,LUDDEN,MONTANARO,SHAHANI
0.17713926892622983,3,BRUMFIEL,BURNETT,ELVING,GONZALES,HAMILTON,HARRIS,HORSLEY,LUDDEN,MONTANARO,SHAPIRO
0.1903306181421322,2,BRUMFIEL,BURNETT,ELVING,GONZALES,HAMILTON,HARRIS,HORSLEY,LUDDEN,MONTANARO,STEIN
0.17643093825908743,3,BRUMFIEL,BURNETT,ELVING,GONZALES,HAMILTON,HARRIS,HORSLEY,LUDDEN,MONTANARO,WERTHEIMER
0.17159046360750352,5,BRUMFIEL,BURNETT,ELVING,GONZALES,HAMILTON,HARRIS,HORSLEY,LUDDEN,NEIGHMOND,NOGUCHI
0.16915371243416424,2,BRUMFIEL,BURNETT,ELVING,GONZALES,HAMILTON,HARRIS,HORSLEY,LUDDEN,NEIGHMOND,REEVES
0.16890509400634335,5,BRUMFIEL,BURNETT,ELVING,GONZALES,HAMILTON,HARRIS,HORSLEY,LUDDEN,NEIGHMOND,SHAHANI
0.17615785002099396,2,BRUMFIEL,BURNETT,ELVING,GONZALES,HAMILTON,HARRIS,HORSLEY,LUDDEN,NEIGHMOND,SHAPIRO
0.18444206622024029,2,BRUMFIEL,BURNETT,ELVING,GONZALES,HAMILTON,HARRIS,HORSLEY,LUDDEN,NEIGHMOND,STEIN
0.1692728237678423,2,BRUMFIEL,BURNETT,ELVING,GONZALES,HAMILTON,HARRIS,HORSLEY,LUDDEN,NEIGHMOND,WERTHEIMER
0.16182810026066552,4,BRUMFIEL,BURNETT,ELVING,GONZALES,HAMILTON,HARRIS,HORSLEY,LUDDEN,NOGUCHI,REEVES
0.1655695337894026,4,BRUMFIEL,BURNETT,ELVING,GONZALES,HAMILTON,HARRIS,HORSLEY,LUDDEN,NOGUCHI,SHAHANI
0.15939474705714785,4,BRUMFIEL,BURNETT,ELVING,GONZALES,HAMILTON,HARRIS,HORSLEY,LUDDEN,NOGUCHI,SHAPIRO
0.17419096673286105,2,BRUMFIEL,BURNETT,ELVING,GONZALES,HAMILTON,HARRIS,HORSLEY,LUDDEN,NOGUCHI,STEIN
0.15756117886026383,2,BRUMFIEL,BURNETT,ELVING,GONZALES,HAMILTON,HARRIS,HORSLEY,LUDDEN,NOGUCHI,WERTHEIMER
0.18261025971700917,9,BRUMFIEL,BURNETT,ELVING,GONZALES,HAMILTON,HARRIS,HORSLEY,LUDDEN,REEVES,SHAHANI
0.16640379729390534,4,BRUMFIEL,BURNETT,ELVING,GONZALES,HAMILTON,HARRIS,HORSLEY,LUDDEN,REEVES,SHAPIRO
0.17687701948784681,2,BRUMFIEL,BURNETT,ELVING,GONZALES,HAMILTON,HARRIS,HORSLEY,LUDDEN,REEVES,STEIN
0.15555019656197766,7,BRUMFIEL,BURNETT,ELVING,GONZALES,HAMILTON,HARRIS,HORSLEY,LUDDEN,REEVES,WERTHEIMER
0.15997635992372422,4,BRUMFIEL,BURNETT,ELVING,GONZALES,HAMILTON,HARRIS,HORSLEY,LUDDEN,SHAHANI,SHAPIRO
0.17442401794260168,2,BRUMFIEL,BURNETT,ELVING,GONZALES,HAMILTON,HARRIS,HORSLEY,LUDDEN,SHAHANI,STEIN
0.1579412169515147,4,BRUMFIEL,BURNETT,ELVING,GONZALES,HAMILTON,HARRIS,HORSLEY,LUDDEN,SHAHANI,WERTHEIMER
0.18834795492788467,2,BRUMFIEL,BURNETT,ELVING,GONZALES,HAMILTON,HARRIS,HORSLEY,LUDDEN,SHAPIRO,STEIN
0.16181338819164073,2,BRUMFIEL,BURNETT,ELVING,GONZALES,HAMILTON,HARRIS,HORSLEY,LUDDEN,SHAPIRO,WERTHEIMER
0.18076974680401134,2,BRUMFIEL,BURNETT,ELVING,GONZALES,HAMILTON,HARRIS,HORSLEY,LUDDEN,STEIN,WERTHEIMER
0.18288458442269837,2,BRUMFIEL,BURNETT,ELVING,GONZALES,HAMILTON,HARRIS,HORSLEY,MARTIN,MCCAMMON,MONTANARO
0.18156594619196179,2,BRUMFIEL,BURNETT,ELVING,GONZALES,HAMILTON,HARRIS,HORSLEY,MARTIN,MCCAMMON,NEIGHMOND
0.15951793705263287,2,BRUMFIEL,BURNETT,ELVING,GONZALES,HAMILTON,HARRIS,HORSLEY,MARTIN,MCCAMMON,NOGUCHI
0.1747001422525368,2,BRUMFIEL,BURNETT,ELVING,GONZALES,HAMILTON,HARRIS,HORSLEY,MARTIN,MCCAMMON,REEVES
0.1682035755791867,10,BRUMFIEL,BURNETT,ELVING,GONZALES,HAMILTON,HARRIS,HORSLEY,MARTIN,MCCAMMON,SHAHANI
0.18105398778560258,2,BRUMFIEL,BURNETT,ELVING,GONZALES,HAMILTON,HARRIS,HORSLEY,MARTIN,MCCAMMON,SHAPIRO
0.19941686376860887,2,BRUMFIEL,BURNETT,ELVING,GONZALES,HAMILTON,HARRIS,HORSLEY,MARTIN,MCCAMMON,STEIN
0.1692718573036849,2,BRUMFIEL,BURNETT,ELVING,GONZALES,HAMILTON,HARRIS,HORSLEY,MARTIN,MCCAMMON,WERTHEIMER
0.1873581579973041,2,BRUMFIEL,BURNETT,ELVING,GONZALES,HAMILTON,HARRIS,HORSLEY,MARTIN,MONTANARO,NEIGHMOND
0.16927950934467118,4,BRUMFIEL,BURNETT,ELVING,GONZALES,HAMILTON,HARRIS,HORSLEY,MARTIN,MONTANARO,NOGUCHI
0.1786155531801106,3,BRUMFIEL,BURNETT,ELVING,GONZALES,HAMILTON,HARRIS,HORSLEY,MARTIN,MONTANARO,REEVES
0.16370887128292422,4,BRUMFIEL,BURNETT,ELVING,GONZALES,HAMILTON,HARRIS,HORSLEY,MARTIN,MONTANARO,SHAHANI
0.1779668002804216,2,BRUMFIEL,BURNETT,ELVING,GONZALES,HAMILTON,HARRIS,HORSLEY,MARTIN,MONTANARO,SHAPIRO
0.19429773196550404,2,BRUMFIEL,BURNETT,ELVING,GONZALES,HAMILTON,HARRIS,HORSLEY,MARTIN,MONTANARO,STEIN
0.18355319563732198,2,BRUMFIEL,BURNETT,ELVING,GONZALES,HAMILTON,HARRIS,HORSLEY,MARTIN,MONTANARO,WERTHEIMER
0.1761194540112768,2,BRUMFIEL,BURNETT,ELVING,GONZALES,HAMILTON,HARRIS,HORSLEY,MARTIN,NEIGHMOND,NOGUCHI
0.17507512068256273,2,BRUMFIEL,BURNETT,ELVING,GONZALES,HAMILTON,HARRIS,HORSLEY,MARTIN,NEIGHMOND,REEVES
0.16933922317617178,6,BRUMFIEL,BURNETT,ELVING,GONZALES,HAMILTON,HARRIS,HORSLEY,MARTIN,NEIGHMOND,SHAHANI
0.17654158213514548,2,BRUMFIEL,BURNETT,ELVING,GONZALES,HAMILTON,HARRIS,HORSLEY,MARTIN,NEIGHMOND,SHAPIRO
0.1886186638985426,2,BRUMFIEL,BURNETT,ELVING,GONZALES,HAMILTON,HARRIS,HORSLEY,MARTIN,NEIGHMOND,STEIN
0.16914115998379756,2,BRUMFIEL,BURNETT,ELVING,GONZALES,HAMILTON,HARRIS,HORSLEY,MARTIN,NEIGHMOND,WERTHEIMER
0.1605933955722711,13,BRUMFIEL,BURNETT,ELVING,GONZALES,HAMILTON,HARRIS,HORSLEY,MARTIN,NOGUCHI,REEVES
0.1601694256868781,2,BRUMFIEL,BURNETT,ELVING,GONZALES,HAMILTON,HARRIS,HORSLEY,MARTIN,NOGUCHI,SHAHANI
0.1713269317288152,2,BRUMFIEL,BURNETT,ELVING,GONZALES,HAMILTON,HARRIS,HORSLEY,MARTIN,NOGUCHI,SHAPIRO
0.17933620968400635,2,BRUMFIEL,BURNETT,ELVING,GONZALES,HAMILTON,HARRIS,HORSLEY,MARTIN,NOGUCHI,STEIN
0.16082270034321092,2,BRUMFIEL,BURNETT,ELVING,GONZALES,HAMILTON,HARRIS,HORSLEY,MARTIN,NOGUCHI,WERTHEIMER
0.16676798885677194,9,BRUMFIEL,BURNETT,ELVING,GONZALES,HAMILTON,HARRIS,HORSLEY,MARTIN,REEVES,SHAHANI
0.1664964306441351,2,BRUMFIEL,BURNETT,ELVING,GONZALES,HAMILTON,HARRIS,HORSLEY,MARTIN,REEVES,SHAPIRO
0.18149327732926268,2,BRUMFIEL,BURNETT,ELVING,GONZALES,HAMILTON,HARRIS,HORSLEY,MARTIN,REEVES,STEIN
0.16311343546915635,2,BRUMFIEL,BURNETT,ELVING,GONZALES,HAMILTON,HARRIS,HORSLEY,MARTIN,REEVES,WERTHEIMER
0.16073436399201266,2,BRUMFIEL,BURNETT,ELVING,GONZALES,HAMILTON,HARRIS,HORSLEY,MARTIN,SHAHANI,SHAPIRO
0.17118809963793474,2,BRUMFIEL,BURNETT,ELVING,GONZALES,HAMILTON,HARRIS,HORSLEY,MARTIN,SHAHANI,STEIN
0.16045873038402772,4,BRUMFIEL,BURNETT,ELVING,GONZALES,HAMILTON,HARRIS,HORSLEY,MARTIN,SHAHANI,WERTHEIMER
0.18804346359207177,2,BRUMFIEL,BURNETT,ELVING,GONZALES,HAMILTON,HARRIS,HORSLEY,MARTIN,SHAPIRO,STEIN
0.16953056250291518,2,BRUMFIEL,BURNETT,ELVING,GONZALES,HAMILTON,HARRIS,HORSLEY,MARTIN,SHAPIRO,WERTHEIMER
0.18238057738454744,2,BRUMFIEL,BURNETT,ELVING,GONZALES,HAMILTON,HARRIS,HORSLEY,MARTIN,STEIN,WERTHEIMER
0.1975316052634782,2,BRUMFIEL,BURNETT,ELVING,GONZALES,HAMILTON,HARRIS,HORSLEY,MCCAMMON,MONTANARO,NEIGHMOND
0.17989125026854652,4,BRUMFIEL,BURNETT,ELVING,GONZALES,HAMILTON,HARRIS,HORSLEY,MCCAMMON,MONTANARO,NOGUCHI
0.19186613369825845,3,BRUMFIEL,BURNETT,ELVING,GONZALES,HAMILTON,HARRIS,HORSLEY,MCCAMMON,MONTANARO,REEVES
0.18124385823597644,4,BRUMFIEL,BURNETT,ELVING,GONZALES,HAMILTON,HARRIS,HORSLEY,MCCAMMON,MONTANARO,SHAHANI
0.18603500123377217,2,BRUMFIEL,BURNETT,ELVING,GONZALES,HAMILTON,HARRIS,HORSLEY,MCCAMMON,MONTANARO,SHAPIRO
0.20797274068703536,2,BRUMFIEL,BURNETT,ELVING,GONZALES,HAMILTON,HARRIS,HORSLEY,MCCAMMON,MONTANARO,STEIN
0.17918669001845086,2,BRUMFIEL,BURNETT,ELVING,GONZALES,HAMILTON,HARRIS,HORSLEY,MCCAMMON,MONTANARO,WERTHEIMER
0.17619061155203472,2,BRUMFIEL,BURNETT,ELVING,GONZALES,HAMILTON,HARRIS,HORSLEY,MCCAMMON,NEIGHMOND,NOGUCHI
0.17873349306904865,5,BRUMFIEL,BURNETT,ELVING,GONZALES,HAMILTON,HARRIS,HORSLEY,MCCAMMON,NEIGHMOND,REEVES
0.17648370127236598,5,BRUMFIEL,BURNETT,ELVING,GONZALES,HAMILTON,HARRIS,HORSLEY,MCCAMMON,NEIGHMOND,SHAHANI
0.1913274789258719,2,BRUMFIEL,BURNETT,ELVING,GONZALES,HAMILTON,HARRIS,HORSLEY,MCCAMMON,NEIGHMOND,SHAPIRO
0.2054903369608347,2,BRUMFIEL,BURNETT,ELVING,GONZALES,HAMILTON,HARRIS,HORSLEY,MCCAMMON,NEIGHMOND,STEIN
0.17977753197668628,2,BRUMFIEL,BURNETT,ELVING,GONZALES,HAMILTON,HARRIS,HORSLEY,MCCAMMON,NEIGHMOND,WERTHEIMER
0.1709594242380391,4,BRUMFIEL,BURNETT,ELVING,GONZALES,HAMILTON,HARRIS,HORSLEY,MCCAMMON,NOGUCHI,REEVES
0.16707593356550882,4,BRUMFIEL,BURNETT,ELVING,GONZALES,HAMILTON,HARRIS,HORSLEY,MCCAMMON,NOGUCHI,SHAHANI
0.17380052313023417,2,BRUMFIEL,BURNETT,ELVING,GONZALES,HAMILTON,HARRIS,HORSLEY,MCCAMMON,NOGUCHI,SHAPIRO
0.18937266146453763,2,BRUMFIEL,BURNETT,ELVING,GONZALES,HAMILTON,HARRIS,HORSLEY,MCCAMMON,NOGUCHI,STEIN
0.15835974584861795,2,BRUMFIEL,BURNETT,ELVING,GONZALES,HAMILTON,HARRIS,HORSLEY,MCCAMMON,NOGUCHI,WERTHEIMER
0.180694942935303,5,BRUMFIEL,BURNETT,ELVING,GONZALES,HAMILTON,HARRIS,HORSLEY,MCCAMMON,REEVES,SHAHANI
0.16812360574363824,2,BRUMFIEL,BURNETT,ELVING,GONZALES,HAMILTON,HARRIS,HORSLEY,MCCAMMON,REEVES,SHAPIRO
0.19045650623089372,2,BRUMFIEL,BURNETT,ELVING,GONZALES,HAMILTON,HARRIS,HORSLEY,MCCAMMON,REEVES,STEIN
0.1729645718564805,3,BRUMFIEL,BURNETT,ELVING,GONZALES,HAMILTON,HARRIS,HORSLEY,MCCAMMON,REEVES,WERTHEIMER
0.17144471204101683,8,BRUMFIEL,BURNETT,ELVING,GONZALES,HAMILTON,HARRIS,HORSLEY,MCCAMMON,SHAHANI,SHAPIRO
0.18158493090868863,2,BRUMFIEL,BURNETT,ELVING,GONZALES,HAMILTON,HARRIS,HORSLEY,MCCAMMON,SHAHANI,STEIN
0.16507621557214486,9,BRUMFIEL,BURNETT,ELVING,GONZALES,HAMILTON,HARRIS,HORSLEY,MCCAMMON,SHAHANI,WERTHEIMER
0.19175276822173618,2,BRUMFIEL,BURNETT,ELVING,GONZALES,HAMILTON,HARRIS,HORSLEY,MCCAMMON,SHAPIRO,STEIN
0.17332456859161535,2,BRUMFIEL,BURNETT,ELVING,GONZALES,HAMILTON,HARRIS,HORSLEY,MCCAMMON,SHAPIRO,WERTHEIMER
0.1854672855609621,2,BRUMFIEL,BURNETT,ELVING,GONZALES,HAMILTON,HARRIS,HORSLEY,MCCAMMON,STEIN,WERTHEIMER
0.19437002553341004,5,BRUMFIEL,BURNETT,ELVING,GONZALES,HAMILTON,HARRIS,HORSLEY,MONTANARO,NEIGHMOND,NOGUCHI
0.19028764636428439,3,BRUMFIEL,BURNETT,ELVING,GONZALES,HAMILTON,HARRIS,HORSLEY,MONTANARO,NEIGHMOND,REEVES
0.19768509285269614,6,BRUMFIEL,BURNETT,ELVING,GONZALES,HAMILTON,HARRIS,HORSLEY,MONTANARO,NEIGHMOND,SHAHANI
0.19384530188719065,2,BRUMFIEL,BURNETT,ELVING,GONZALES,HAMILTON,HARRIS,HORSLEY,MONTANARO,NEIGHMOND,SHAPIRO
0.2063167169208165,2,BRUMFIEL,BURNETT,ELVING,GONZALES,HAMILTON,HARRIS,HORSLEY,MONTANARO,NEIGHMOND,STEIN
0.1841434242854189,2,BRUMFIEL,BURNETT,ELVING,GONZALES,HAMILTON,HARRIS,HORSLEY,MONTANARO,NEIGHMOND,WERTHEIMER
0.18584670484475163,4,BRUMFIEL,BURNETT,ELVING,GONZALES,HAMILTON,HARRIS,HORSLEY,MONTANARO,NOGUCHI,REEVES
0.18628118319309112,5,BRUMFIEL,BURNETT,ELVING,GONZALES,HAMILTON,HARRIS,HORSLEY,MONTANARO,NOGUCHI,SHAHANI
0.1831385396856905,2,BRUMFIEL,BURNETT,ELVING,GONZALES,HAMILTON,HARRIS,HORSLEY,MONTANARO,NOGUCHI,SHAPIRO
0.19977806642982596,2,BRUMFIEL,BURNETT,ELVING,GONZALES,HAMILTON,HARRIS,HORSLEY,MONTANARO,NOGUCHI,STEIN
0.16698436250157778,2,BRUMFIEL,BURNETT,ELVING,GONZALES,HAMILTON,HARRIS,HORSLEY,MONTANARO,NOGUCHI,WERTHEIMER
0.18727853968433958,6,BRUMFIEL,BURNETT,ELVING,GONZALES,HAMILTON,HARRIS,HORSLEY,MONTANARO,REEVES,SHAHANI
0.18519452406357986,4,BRUMFIEL,BURNETT,ELVING,GONZALES,HAMILTON,HARRIS,HORSLEY,MONTANARO,REEVES,SHAPIRO
0.19834047207914698,3,BRUMFIEL,BURNETT,ELVING,GONZALES,HAMILTON,HARRIS,HORSLEY,MONTANARO,REEVES,STEIN
0.17852831743706102,3,BRUMFIEL,BURNETT,ELVING,GONZALES,HAMILTON,HARRIS,HORSLEY,MONTANARO,REEVES,WERTHEIMER
0.1857682299624997,6,BRUMFIEL,BURNETT,ELVING,GONZALES,HAMILTON,HARRIS,HORSLEY,MONTANARO,SHAHANI,SHAPIRO
0.20122406284019267,6,BRUMFIEL,BURNETT,ELVING,GONZALES,HAMILTON,HARRIS,HORSLEY,MONTANARO,SHAHANI,STEIN
0.174633830947141,6,BRUMFIEL,BURNETT,ELVING,GONZALES,HAMILTON,HARRIS,HORSLEY,MONTANARO,SHAHANI,WERTHEIMER
0.203018729666824,2,BRUMFIEL,BURNETT,ELVING,GONZALES,HAMILTON,HARRIS,HORSLEY,MONTANARO,SHAPIRO,STEIN
0.17519494185924123,2,BRUMFIEL,BURNETT,ELVING,GONZALES,HAMILTON,HARRIS,HORSLEY,MONTANARO,SHAPIRO,WERTHEIMER
0.20091666301288658,2,BRUMFIEL,BURNETT,ELVING,GONZALES,HAMILTON,HARRIS,HORSLEY,MONTANARO,STEIN,WERTHEIMER
0.18229986011462507,6,BRUMFIEL,BURNETT,ELVING,GONZALES,HAMILTON,HARRIS,HORSLEY,NEIGHMOND,NOGUCHI,REEVES
0.1772887965153831,5,BRUMFIEL,BURNETT,ELVING,GONZALES,HAMILTON,HARRIS,HORSLEY,NEIGHMOND,NOGUCHI,SHAHANI
0.17538164489186986,2,BRUMFIEL,BURNETT,ELVING,GONZALES,HAMILTON,HARRIS,HORSLEY,NEIGHMOND,NOGUCHI,SHAPIRO
0.19328795038396127,2,BRUMFIEL,BURNETT,ELVING,GONZALES,HAMILTON,HARRIS,HORSLEY,NEIGHMOND,NOGUCHI,STEIN
0.1626760675668541,2,BRUMFIEL,BURNETT,ELVING,GONZALES,HAMILTON,HARRIS,HORSLEY,NEIGHMOND,NOGUCHI,WERTHEIMER
0.18982258358368218,6,BRUMFIEL,BURNETT,ELVING,GONZALES,HAMILTON,HARRIS,HORSLEY,NEIGHMOND,REEVES,SHAHANI
0.1802150021264493,2,BRUMFIEL,BURNETT,ELVING,GONZALES,HAMILTON,HARRIS,HORSLEY,NEIGHMOND,REEVES,SHAPIRO
0.1876738812836627,2,BRUMFIEL,BURNETT,ELVING,GONZALES,HAMILTON,HARRIS,HORSLEY,NEIGHMOND,REEVES,STEIN
0.17055391436773076,5,BRUMFIEL,BURNETT,ELVING,GONZALES,HAMILTON,HARRIS,HORSLEY,NEIGHMOND,REEVES,WERTHEIMER
